alvjvbOx_start.mp4,s,122.963
a6RNDoma_end.mp4,e,76.296
aDMlZ7r0_start.mp4,s,71.111
R0NPNK1L_end.mp4,e,168.889
xBKBrDzL_end.mp4,e,111.111
LKqP9PP0_start.mp4,s,88.889
xBKEYb6L_end.mp4,e,126.667
xzW4GdmL_end.mp4,e,167.407
OL7lGKza_end.mp4,e,119.259
0WoJJvm0_end.mp4,e,131.111
bxVRgPwx_start.mp4,s,69.630
xz6K27jx_start.mp4,s,89.630
alDoEApa_start.mp4,s,91.111
Lpjg1yJ0_end.mp4,e,168.148
0wXZR3Nx_end.mp4,e,106.667
XallzMPa_start.mp4,s,55.556
aEDVWv7L_start.mp4,s,103.704
L3G8gK9L_end.mp4,e,109.630
0rQqX5Va_start.mp4,s,31.111
aDMNrov0_start.mp4,s,108.148
NL3Q6YE0_start.mp4,s,85.185
XL9EDAML_end.mp4,e,168.889
L9G3P9g0_end.mp4,e,160.000
6LArQkqa_end.mp4,e,79.259
OxbYBrn0_start.mp4,s,91.852
aRGbApA0_start.mp4,s,97.037
Oa6dyWDx_start.mp4,s,9.630
xMGrzg7a_end.mp4,e,30.370
40P6Av5L_end.mp4,e,168.148
0yr46Gbx_end.mp4,e,150.370
WLK2Qq3x_start.mp4,s,43.704
LKql9Q30_start.mp4,s,80.000
XL9olmW0_end.mp4,e,90.370
alDw7Z1a_start.mp4,s,88.889
LKqeyrV0_start.mp4,s,62.222
jLvweQpa_start.mp4,s,49.630
aRKj3gA0_end.mp4,e,152.593
LjJm5ePL_start.mp4,s,77.037
aqAMYAra_end.mp4,e,168.889
aYqMXyoa_end.mp4,e,104.444
aOXK1G10_end.mp4,e,136.296
aqA8bWPa_end.mp4,e,165.926
XL9wnDp0_end.mp4,e,110.370
LdAA8MZa_end.mp4,e,178.519
maR8m1zx_end.mp4,e,79.259
Lepy29ex_end.mp4,e,118.519
0PvZvADL_end.mp4,e,99.259
aQqMZOGa_start.mp4,s,82.222
RxXwPRd0_start.mp4,s,10.370
alvpnv1x_end.mp4,e,170.370
oaqQQqra_start.mp4,s,88.889
L7GbGpvL_end.mp4,e,114.815
40Wknrm0_end.mp4,e,111.111
OxbMePl0_start.mp4,s,40.000
xMZYMGKL_end.mp4,e,171.852
xbmYBqX0_start.mp4,s,101.481
bxVdWzYa_start.mp4,s,194.815
x1qzn9Nx_end.mp4,e,170.370
aqArR1Ba_end.mp4,e,48.148
LKqryOM0_end.mp4,e,171.111
2aQpGqGL_end.mp4,e,168.889
alDnQMka_end.mp4,e,148.889
xVbrygWx_end.mp4,e,170.370
L9kENoM0_end.mp4,e,168.889
0GvwAdya_start.mp4,s,125.185
xz6k85nx_start.mp4,s,80.741
40P6Av5L_start.mp4,s,74.815
LdAeVnQa_end.mp4,e,131.852
OL7lGKza_start.mp4,s,58.519
0ZGWEB5x_start.mp4,s,62.963
0yrDRE7x_end.mp4,e,158.519
bxVRgPwx_end.mp4,e,71.111
L4R7OW90_start.mp4,s,84.444
0klZjENx_end.mp4,e,157.037
x1qXpb2x_end.mp4,e,110.370
LpjPOnB0_start.mp4,s,45.185
Lv7pKdZa_end.mp4,e,168.889
xXMgzvjL_end.mp4,e,119.259
aRKKBn60_start.mp4,s,85.185
LpjlZ910_end.mp4,e,154.074
R0NzWv70_start.mp4,s,131.852
xzWqqOQL_start.mp4,s,82.222
40WmrN7L_start.mp4,s,20.741
BLdz9B70_start.mp4,s,61.481
Oxb39gXL_end.mp4,e,138.519
LKqmey40_start.mp4,s,43.704
0wXpEEJx_end.mp4,e,104.444
0WoMOym0_start.mp4,s,90.370
x1q4dP2x_end.mp4,e,165.185
6LArQkqa_start.mp4,s,133.333
xBKkJBML_start.mp4,s,82.222
0NJGqDD0_start.mp4,s,28.889
0PvpPogL_start.mp4,s,45.926
LjNv4ZmL_start.mp4,s,196.296
0mJVN7lx_end.mp4,e,157.037
x5JPrmzL_end.mp4,e,169.630
LvrOZ91L_end.mp4,e,132.593
LKqqroO0_start.mp4,s,42.222
agQJzrNx_start.mp4,s,42.222
agQQd1lx_start.mp4,s,27.407
xMGRw95a_start.mp4,s,80.000
aOo8ldJa_start.mp4,s,60.741
maR2JpNa_start.mp4,s,51.111
0mJVAAwx_end.mp4,e,159.259
xzWqqOQL_end.mp4,e,121.481
0yrWw4bx_start.mp4,s,74.074
NL3ww9DL_end.mp4,e,174.074
L9kelDv0_start.mp4,s,89.630
ZL4PjKBL_end.mp4,e,168.889
aog7EXja_end.mp4,e,104.444
Lv7rb83a_start.mp4,s,69.630
LpjdB310_end.mp4,e,152.593
aEDGz24L_start.mp4,s,91.111
aogEYjba_start.mp4,s,178.519
RxXQAmPL_end.mp4,e,120.741
aEDKXr7L_end.mp4,e,156.296
xVboOnZx_start.mp4,s,86.667
LnO9QeVa_end.mp4,e,104.444
LpjA3BA0_end.mp4,e,167.407
PLedQOYx_end.mp4,e,107.407
xbmo3On0_start.mp4,s,28.889
WxMgP3ya_end.mp4,e,156.296
LADDomMx_start.mp4,s,122.963
bxV2kD4x_end.mp4,e,113.333
0mJoAK4x_end.mp4,e,172.593
XaleZO20_start.mp4,s,31.111
2aQmNvBa_start.mp4,s,143.704
0wenMY8L_start.mp4,s,45.185
LKqgdwQ0_start.mp4,s,102.222
0NJmkve0_end.mp4,e,168.148
LADMdZrx_end.mp4,e,156.296
Ba2oNk30_end.mp4,e,154.074
40WbRNda_start.mp4,s,59.259
aRKGWZ80_start.mp4,s,37.778
LAD1pKrx_end.mp4,e,109.630
a2RDOMDa_end.mp4,e,139.259
L9GY13v0_start.mp4,s,168.148
oaq8E1NL_end.mp4,e,97.778
0yrWAVKx_start.mp4,s,92.593
alDnQMka_start.mp4,s,80.000
20ZEzQWa_start.mp4,s,22.963
Jxzy9rg0_start.mp4,s,116.296
xbmbKpJ0_start.mp4,s,89.630
PLeQ4w5L_start.mp4,s,89.630
LdAD7Xja_start.mp4,s,13.333
ZaD4W6Ma_start.mp4,s,60.741
L8MKKDKa_end.mp4,e,110.370
LjNkVXWL_start.mp4,s,25.926
a6RX58Aa_start.mp4,s,42.222
0ZOpjlmx_start.mp4,s,59.259
aOXjeXr0_end.mp4,e,79.259
alDJeR4a_end.mp4,e,110.370
LnP6QY90_end.mp4,e,121.481
vaozOXrL_end.mp4,e,111.111
LADekdjx_start.mp4,s,42.963
agQKj2Gx_start.mp4,s,88.889
vaoB9WrL_start.mp4,s,74.074
aqXANngL_start.mp4,s,58.519
Ba266n3a_start.mp4,s,88.889
0rmVX7va_end.mp4,e,170.370
alDgmPpa_end.mp4,e,177.778
0Wo8JJG0_start.mp4,s,45.185
vao1253x_end.mp4,e,90.370
Jx5RkG5L_end.mp4,e,117.037
L4GXn9qx_end.mp4,e,136.296
LJWvMRoa_end.mp4,e,66.667
aYqMkE5a_end.mp4,e,159.259
50GKlyd0_start.mp4,s,103.704
agJZyAWL_start.mp4,s,62.963
0klQ8WNx_start.mp4,s,73.333
xbmKG2X0_start.mp4,s,20.000
L3GJ6YOL_end.mp4,e,168.889
LepYbNPx_end.mp4,e,147.407
XL9Pgjmx_end.mp4,e,79.259
aqXm3gRL_start.mp4,s,198.519
PLe1zWRL_end.mp4,e,82.222
agQvqqAx_start.mp4,s,90.370
aEDgJNBL_start.mp4,s,79.259
xbX3m2ba_start.mp4,s,50.370
6LAOg7m0_end.mp4,e,168.889
a6RNvp5a_end.mp4,e,60.000
aEDPm4DL_start.mp4,s,42.963
Lpjg1yJ0_start.mp4,s,42.963
0mJo93Ex_start.mp4,s,60.741
alDr5wQa_start.mp4,s,93.333
aDY3nWM0_end.mp4,e,171.111
jLvpPJX0_end.mp4,e,100.000
x5JVzWbL_end.mp4,e,173.333
0yr46Gbx_start.mp4,s,88.889
40W2lAVa_start.mp4,s,15.556
L9k6EWd0_start.mp4,s,57.037
alDJOWOa_end.mp4,e,175.556
xzWmOw9L_end.mp4,e,161.481
a2RZAnAa_end.mp4,e,168.889
L9kG6Gp0_start.mp4,s,118.519
rx1GW6Ra_end.mp4,e,168.889
EaO8Pep0_start.mp4,s,148.148
rx1ZrkRL_start.mp4,s,86.667
LepknNYx_end.mp4,e,170.370
oaqjWrR0_start.mp4,s,59.259
8LnklVXa_end.mp4,e,168.148
L9Ggdqn0_start.mp4,s,48.148
Lepykq5x_end.mp4,e,167.407
LnOpeYAa_end.mp4,e,168.148
6LA4jbqx_end.mp4,e,123.704
aQ1MBvra_start.mp4,s,71.111
LKqqroO0_end.mp4,e,168.148
xzWRzE6L_end.mp4,e,139.259
LepR22Px_end.mp4,e,102.963
0W8GW29x_end.mp4,e,108.889
Lv7Az16a_start.mp4,s,24.444
aRKRzVg0_end.mp4,e,140.741
LKMl6JM0_end.mp4,e,127.407
LADVl2qx_start.mp4,s,62.963
LKqqlGM0_start.mp4,s,29.630
50GeDv6L_start.mp4,s,3.704
EaOz655L_end.mp4,e,168.889
xX4RMEgx_start.mp4,s,42.963
LKqPg740_start.mp4,s,7.407
aQqqbK2a_start.mp4,s,59.259
b0ry42Ba_end.mp4,e,124.444
LJegewkx_start.mp4,s,14.074
30mVVMBx_start.mp4,s,117.037
LempXp5L_end.mp4,e,121.481
0mJzNY4x_end.mp4,e,165.926
L9kk4oW0_end.mp4,e,155.556
LjJNOkKL_end.mp4,e,177.778
2agv1ElL_end.mp4,e,110.370
LJWmVZka_end.mp4,e,162.963
k0wZew5a_start.mp4,s,87.407
aqAmPeza_start.mp4,s,95.556
5xB4A4Oa_start.mp4,s,60.000
0NJr9820_end.mp4,e,171.111
LjJejdPL_start.mp4,s,117.037
L3GOwBEL_end.mp4,e,106.667
2aglJYl0_start.mp4,s,24.444
xVblKBwx_start.mp4,s,14.815
aYqq8ZJa_start.mp4,s,40.000
5xB4A4Oa_end.mp4,e,103.704
50GkYqn0_start.mp4,s,61.481
0NJvw4n0_end.mp4,e,139.259
wL84YQBL_start.mp4,s,73.333
xzWR8NQL_end.mp4,e,168.889
L3G8gK9L_start.mp4,s,88.889
LKq9GpD0_end.mp4,e,138.519
ZLjr1YPL_start.mp4,s,73.333
JxzADk40_start.mp4,s,96.296
LJeNYyrx_start.mp4,s,64.444
Jxz4Db4a_start.mp4,s,89.630
aRGyZq80_start.mp4,s,88.889
xX41vWdx_start.mp4,s,82.222
agQKj2Gx_end.mp4,e,109.630
LnPzM3b0_start.mp4,s,91.111
Jxz41Xna_end.mp4,e,31.852
agQvpVYx_start.mp4,s,88.889
aqA776Qa_end.mp4,e,131.852
aYmgAdJa_start.mp4,s,48.148
LjJjpKqL_end.mp4,e,139.259
L9kmnKO0_end.mp4,e,129.630
aRGqdKm0_start.mp4,s,113.333
xX4dgYjx_start.mp4,s,6.667
ZL4qoN9a_start.mp4,s,41.481
0yr446Bx_end.mp4,e,109.630
50GN6qPa_end.mp4,e,105.185
L8M31eKa_end.mp4,e,171.852
aog6Dl3a_end.mp4,e,39.259
LKMJr4V0_end.mp4,e,123.704
oaq66AR0_end.mp4,e,154.074
aqAbe5Qa_end.mp4,e,78.519
k0wwW1J0_start.mp4,s,108.889
L34o13ea_start.mp4,s,26.667
NL3nYzvx_start.mp4,s,63.704
oaqwnjzx_end.mp4,e,112.593
ZL4qMnqa_end.mp4,e,104.444
LvrdZ5EL_end.mp4,e,168.889
40PrmWkL_start.mp4,s,144.444
30mv1kwx_end.mp4,e,155.556
aDYGZ2v0_end.mp4,e,109.630
RxXmmQ8L_start.mp4,s,117.037
L4GXWe5x_start.mp4,s,161.481
aRGXGp60_start.mp4,s,119.259
aRKMoW10_start.mp4,s,110.370
8LnybYYx_start.mp4,s,61.481
jLvQjzZx_start.mp4,s,62.222
0GvvJmda_end.mp4,e,168.148
LKqZlPD0_end.mp4,e,96.296
LADOORgx_end.mp4,e,143.704
Ba2rj6ma_start.mp4,s,77.778
oaqG5M1x_end.mp4,e,169.630
aRKP8j10_start.mp4,s,88.889
40P9OK9x_end.mp4,e,62.963
40PMM1Ox_end.mp4,e,174.074
LdAeBXla_start.mp4,s,105.185
aRKngP60_start.mp4,s,8.889
EaO2qv5L_end.mp4,e,114.074
PLed2vdx_start.mp4,s,88.889
aoggvNXa_end.mp4,e,80.000
Jx54v650_end.mp4,e,111.852
0GvEXwKa_end.mp4,e,109.630
xbmePGE0_start.mp4,s,100.741
aOXnDbv0_start.mp4,s,62.963
5xBVQ2Yx_start.mp4,s,88.889
xbm1OVX0_start.mp4,s,90.370
xVb8Qpjx_start.mp4,s,39.259
W0kPKbZx_end.mp4,e,4.444
LjJ2bD2L_end.mp4,e,168.148
xzW2o96L_start.mp4,s,100.000
alvjvbOx_end.mp4,e,57.037
0NGRZBJx_start.mp4,s,106.667
vaoQE1kx_end.mp4,e,110.370
x1qgn9kx_end.mp4,e,168.889
x1qbDZDx_end.mp4,e,111.852
30mVVMBx_end.mp4,e,139.259
RxXE7ydL_end.mp4,e,154.074
vaoXErr0_start.mp4,s,138.519
0NJvw4n0_start.mp4,s,63.704
aqAZ981a_end.mp4,e,95.556
0wXgqrbx_start.mp4,s,39.259
maRm2M6L_end.mp4,e,115.556
o0ywjrDL_end.mp4,e,97.778
LpPpOWyL_start.mp4,s,90.370
LdAnlDja_start.mp4,s,21.481
R0N7rnBx_end.mp4,e,155.556
6LAN9Eqa_end.mp4,e,56.296
ZLj9wPjx_end.mp4,e,139.259
0GvrmBWa_start.mp4,s,23.704
0wev8XdL_end.mp4,e,145.926
LKq3bOG0_start.mp4,s,55.556
L9GmKOm0_start.mp4,s,27.407
40Wv8jKa_start.mp4,s,88.889
R0NDWz7L_end.mp4,e,127.407
L4GWOkox_end.mp4,e,171.852
5xBZj2Gx_start.mp4,s,42.963
0GvzMvna_end.mp4,e,78.519
x5JJyybL_end.mp4,e,170.370
30mP1p6a_end.mp4,e,78.519
LADM3orx_end.mp4,e,104.444
0rQPOKVa_end.mp4,e,35.556
0PvvOWlL_start.mp4,s,23.704
BLdm58la_end.mp4,e,108.889
2ag1RGBx_end.mp4,e,118.519
vaozdXvL_end.mp4,e,115.556
40PAQV6x_end.mp4,e,168.148
2aQKP8kx_end.mp4,e,167.407
Oa675W30_start.mp4,s,67.407
k0wqNZ2L_start.mp4,s,89.630
aqAWnKAa_start.mp4,s,55.556
xMZAzE7L_end.mp4,e,171.852
LKqjmd30_end.mp4,e,171.852
a6R7ndDa_start.mp4,s,89.630
NaEobZ7x_end.mp4,e,115.556
40PmK4lx_end.mp4,e,93.333
LKMkdeG0_end.mp4,e,171.852
xbmzKWX0_end.mp4,e,105.926
LpjovKz0_start.mp4,s,69.630
0yrY97Dx_start.mp4,s,86.667
6Lp1Ynya_start.mp4,s,89.630
0rm7EOma_start.mp4,s,5.185
aRGQ65N0_end.mp4,e,89.630
LepQDyRx_end.mp4,e,123.704
aqApwQza_end.mp4,e,174.815
5xB8pKMa_end.mp4,e,116.296
0kleG4nx_end.mp4,e,168.148
0y8Eye8a_end.mp4,e,142.963
LJeX5Vkx_start.mp4,s,72.593
L3GD5yOL_start.mp4,s,86.667
naYebJoa_start.mp4,s,88.889
L3G6M9DL_start.mp4,s,17.037
alDej5Ja_end.mp4,e,168.148
0WovzD70_start.mp4,s,62.222
LvrgY2GL_start.mp4,s,88.889
xbm14np0_start.mp4,s,60.000
6LpkJNjx_end.mp4,e,156.296
PLeEverL_start.mp4,s,91.852
x5JQPQqL_end.mp4,e,167.407
oaqgoOgx_end.mp4,e,159.259
LnOzG2Xa_start.mp4,s,68.889
L7G82MRL_start.mp4,s,62.222
agJeYwYL_end.mp4,e,170.370
2aQmmmka_start.mp4,s,92.593
2aQ42WnL_start.mp4,s,85.185
aogKA2ka_end.mp4,e,70.370
rx1nVvJL_start.mp4,s,70.370
Ba2NydOa_start.mp4,s,86.667
xVMR6R10_start.mp4,s,71.852
alDXAmva_end.mp4,e,121.481
aEDeVOBL_start.mp4,s,42.963
aDMkRke0_start.mp4,s,89.630
LjNMJyjL_start.mp4,s,51.111
x1qgn9kx_start.mp4,s,40.000
xbmXyDb0_end.mp4,e,95.556
2aQmnK2a_start.mp4,s,5.185
aYqe1vJa_start.mp4,s,7.407
aqAbe5Qa_start.mp4,s,55.556
o0ylebDa_end.mp4,e,156.296
0ZONqonx_start.mp4,s,106.667
0ZOZgP5x_start.mp4,s,150.370
40P3wkga_end.mp4,e,159.259
L4GjEjBx_start.mp4,s,120.000
LADpejjx_start.mp4,s,117.037
alDw7Z1a_end.mp4,e,105.185
a2R2XGda_start.mp4,s,82.963
0NJXVzJ0_start.mp4,s,141.481
LpjpKdj0_start.mp4,s,89.630
vaozOXrL_start.mp4,s,85.926
LjJXelqL_end.mp4,e,110.370
0GvvQlna_start.mp4,s,106.667
alDXZK2a_start.mp4,s,77.778
LvrJe23L_start.mp4,s,32.593
PLeVBb5a_end.mp4,e,174.074
agQe3Orx_end.mp4,e,123.704
a6XgP3Dx_start.mp4,s,74.074
aEDVjpBL_start.mp4,s,86.667
JxzJzenx_start.mp4,s,54.815
6LA9jpqL_start.mp4,s,148.148
aogBmzKa_start.mp4,s,87.407
L9GqJjO0_end.mp4,e,159.259
L4RQpo40_start.mp4,s,104.444
x1W6z82a_end.mp4,e,168.148
ZL4KDzQx_start.mp4,s,80.000
L8MDNYwa_end.mp4,e,159.259
aogrYRZa_end.mp4,e,91.111
x58jmR50_end.mp4,e,124.444
maRXRlpx_end.mp4,e,168.148
0W8oWXEx_end.mp4,e,120.741
L3GEBryL_end.mp4,e,168.148
vaowz4va_end.mp4,e,91.111
LpP8BkAL_end.mp4,e,160.000
OL7gyErL_start.mp4,s,94.074
50GwEwb0_end.mp4,e,167.407
RLJ2JnAL_start.mp4,s,89.630
8Ln7eMXa_start.mp4,s,199.259
k0wJBY5a_end.mp4,e,168.889
5xBbOBYx_end.mp4,e,134.074
ZL4qMnqa_start.mp4,s,107.407
40WO3Z70_end.mp4,e,34.815
0ZOMylWx_start.mp4,s,60.000
aqA6rQRa_end.mp4,e,142.963
jLvz6q1L_start.mp4,s,100.741
LjJolAWL_start.mp4,s,93.333
LADkDXWx_end.mp4,e,148.889
LpjlRX70_start.mp4,s,40.000
xbmmNy40_start.mp4,s,39.259
0mJMrNkx_start.mp4,s,20.000
W0k8D3nx_end.mp4,e,117.778
xMZMW1vL_start.mp4,s,30.370
WLKJmP9x_start.mp4,s,49.630
40PMbv5x_start.mp4,s,89.630
LjJA1OqL_start.mp4,s,57.037
xbmKVpp0_start.mp4,s,40.000
agQ8yBox_end.mp4,e,133.333
Lvr963EL_start.mp4,s,60.000
NL3QPev0_start.mp4,s,86.667
NaEb4v70_end.mp4,e,109.630
x1WWGBJa_end.mp4,e,146.667
ZL426D50_end.mp4,e,159.259
LjJJ1q2L_end.mp4,e,125.926
x1qBbkRx_start.mp4,s,81.481
LAD5XzJx_end.mp4,e,165.185
ZLjDG5K0_end.mp4,e,90.370
LJWen5Ja_end.mp4,e,149.630
a6X1YR3x_end.mp4,e,119.259
bxVzOr4x_end.mp4,e,168.889
ZLjr1YPL_end.mp4,e,134.074
agJeYwYL_start.mp4,s,91.111
xX4rwq7x_end.mp4,e,154.074
k0wZWvEa_start.mp4,s,88.889
40PgJ86a_end.mp4,e,108.148
xMGvGXAa_end.mp4,e,137.037
8Ln1R1Gx_end.mp4,e,103.704
oaqjbJz0_start.mp4,s,97.778
WxMMGQYx_end.mp4,e,169.630
WxM2EVyL_end.mp4,e,128.889
R0N6pyr0_start.mp4,s,31.852
aQqqKZqa_start.mp4,s,31.111
LpP8BkAL_start.mp4,s,29.630
xBK5p4zL_start.mp4,s,80.741
LKqpwYM0_end.mp4,e,146.667
0GrwGzba_end.mp4,e,169.630
Ba266n3a_end.mp4,e,169.630
ZLjv4ljL_end.mp4,e,34.815
LepGNjQx_end.mp4,e,170.370
aYqO6Dqa_start.mp4,s,125.926
0NJqQdJ0_start.mp4,s,22.222
vaopgmj0_start.mp4,s,72.593
oaqEMVMa_end.mp4,e,117.037
rx1JnvRL_start.mp4,s,75.556
aQqmVKra_start.mp4,s,140.000
0NJw65R0_start.mp4,s,58.519
LepM35Zx_end.mp4,e,79.259
L8MKKDKa_start.mp4,s,90.370
agQ6l1ox_end.mp4,e,154.815
WxM2BwAL_start.mp4,s,70.370
0rmGV3Va_start.mp4,s,88.889
xbm7GO40_start.mp4,s,102.963
xbmNDDv0_start.mp4,s,88.889
XL9pQV3x_end.mp4,e,170.370
0weDq3EL_start.mp4,s,91.852
aQqKm6Da_end.mp4,e,139.259
40PgY9Oa_end.mp4,e,169.630
WLKPDjGa_start.mp4,s,100.000
0yr24wQx_end.mp4,e,34.074
WLKp3O3a_start.mp4,s,5.926
ZLje9Rvx_end.mp4,e,109.630
oaqrjMM0_end.mp4,e,109.630
aDM5Agn0_start.mp4,s,87.407
maRyRD1L_start.mp4,s,49.630
xMZJwOyL_end.mp4,e,166.667
0GvkkMda_end.mp4,e,108.889
Jx54v650_start.mp4,s,63.704
xBKpqj6L_start.mp4,s,21.481
LpP3YO1L_start.mp4,s,148.889
0NJGbdJ0_end.mp4,e,168.148
0ZGr4omx_start.mp4,s,78.519
maRRQ86a_end.mp4,e,114.074
LpPPr51L_start.mp4,s,78.519
aOowVj1a_end.mp4,e,168.148
NL3QWdO0_start.mp4,s,74.815
ZL4Az3Va_end.mp4,e,110.370
aYmkWqqa_start.mp4,s,114.074
0ZOg3dRx_start.mp4,s,25.926
30moPlVL_end.mp4,e,115.556
xMZjZWvL_end.mp4,e,171.111
NaEeVQDa_start.mp4,s,88.889
agJ2NPKL_start.mp4,s,81.481
xz6Okwjx_start.mp4,s,58.519
aYqepgJa_start.mp4,s,116.296
aYqpeA2a_end.mp4,e,171.852
oaq6MgP0_end.mp4,e,49.630
L9G3Z6J0_end.mp4,e,159.259
aqA6qPAa_end.mp4,e,157.778
WLK2NRMx_end.mp4,e,123.704
wL88nDBL_end.mp4,e,174.074
aqX1AwNL_start.mp4,s,50.370
x5JQYmgL_end.mp4,e,140.741
RLJAPoox_start.mp4,s,79.259
0wXXeevx_end.mp4,e,62.963
OL7MmoN0_end.mp4,e,112.593
a2RrnpPa_end.mp4,e,131.852
alDoWQ2a_end.mp4,e,168.889
wL8yOOja_start.mp4,s,18.519
50GNyBba_start.mp4,s,121.481
2aQDOGJL_end.mp4,e,173.333
LADPnwrx_start.mp4,s,54.815
ZaD4W6Ma_end.mp4,e,103.704
0wXob42x_end.mp4,e,163.704
aRKJqym0_end.mp4,e,174.074
0mJOemkx_start.mp4,s,74.074
0WoJbe70_end.mp4,e,34.815
o0ybP67x_end.mp4,e,100.000
LjJZnb2L_start.mp4,s,119.259
xVbY3Bwx_end.mp4,e,85.185
0Gvv66Pa_end.mp4,e,170.370
aDY65EM0_start.mp4,s,87.407
xbm14pv0_start.mp4,s,199.259
EaOmnWZx_start.mp4,s,14.815
NL3nYzvx_end.mp4,e,156.296
aogz4XXa_start.mp4,s,60.741
0wXXeevx_start.mp4,s,20.741
aRKGNgA0_start.mp4,s,42.222
aQ1lO5qa_start.mp4,s,25.185
wL81zNKa_end.mp4,e,99.259
LjJO82vL_start.mp4,s,82.222
0y8AOB8a_end.mp4,e,160.000
40W2Epma_end.mp4,e,91.111
L9k8ngp0_end.mp4,e,168.889
20Z2e550_end.mp4,e,156.296
oaqbgOB0_end.mp4,e,79.259
aDMJrk70_start.mp4,s,69.630
ZaDjWOvx_start.mp4,s,94.815
aRK14oA0_start.mp4,s,44.444
BLdoozjx_end.mp4,e,139.259
aqAlwdMa_end.mp4,e,121.481
xbXqMMJa_start.mp4,s,88.148
xVbBDl3x_end.mp4,e,169.630
LADO9Pjx_end.mp4,e,109.630
LjJykKvL_start.mp4,s,52.593
0GvzMvna_start.mp4,s,68.148
0NJJe2e0_end.mp4,e,171.852
5xBNzGkx_start.mp4,s,90.370
Oa6ygDNL_start.mp4,s,88.889
wL88nDBL_start.mp4,s,25.185
LpjjX9z0_end.mp4,e,109.630
LKqqlGM0_end.mp4,e,173.333
0GvrWXKa_end.mp4,e,98.519
rx1nkVDL_end.mp4,e,158.519
XalO8opL_end.mp4,e,133.333
L9kn3mJ0_end.mp4,e,160.741
alDqn5Ja_start.mp4,s,41.481
0WovOQG0_end.mp4,e,168.889
Jxz41Xna_start.mp4,s,60.000
XL97AKd0_end.mp4,e,117.037
aqXOGWRL_start.mp4,s,74.815
0Wokbld0_end.mp4,e,139.259
0klAAPNx_start.mp4,s,21.481
jLvWG6Ga_start.mp4,s,39.259
LKqRQrG0_start.mp4,s,88.889
xVbeOovx_end.mp4,e,104.444
6LAvly3a_end.mp4,e,138.519
aEDMJWJL_end.mp4,e,34.074
xbXpMqla_end.mp4,e,133.333
0rmz68ma_start.mp4,s,66.667
x1q3X6Dx_start.mp4,s,80.741
L7gGGPvL_end.mp4,e,154.074
LdAdkKYa_start.mp4,s,13.333
0klPbYBx_end.mp4,e,170.370
vaozMXbL_start.mp4,s,39.259
0rm52oVa_start.mp4,s,110.370
0Gvmzq3a_start.mp4,s,141.481
40W5PbVL_start.mp4,s,108.148
aOojRXNa_end.mp4,e,145.185
LnOzmMga_start.mp4,s,78.519
0mJGKglx_end.mp4,e,120.000
x5JnDEXL_end.mp4,e,84.444
xVbX12Mx_start.mp4,s,67.407
xMZdoq5L_end.mp4,e,79.259
agQ8yBox_start.mp4,s,81.481
L8kjq1Yx_end.mp4,e,140.741
L8kXZ6Wx_start.mp4,s,120.000
aOX4BJr0_end.mp4,e,165.185
a2R6N4Aa_end.mp4,e,167.407
xX486NVx_start.mp4,s,68.889
NaEqQzZa_start.mp4,s,69.630
x1q4DmZx_end.mp4,e,124.444
LjJJO8XL_start.mp4,s,29.630
R0NgjmJx_end.mp4,e,77.778
L9kRpwv0_end.mp4,e,97.037
LKqvB9P0_start.mp4,s,58.519
Ba2GqBy0_start.mp4,s,88.148
aED3GOBL_start.mp4,s,148.889
aDYp7p70_start.mp4,s,22.222
LjJolAWL_end.mp4,e,137.778
XL9wPBO0_start.mp4,s,96.296
RLJnzb6L_end.mp4,e,89.630
maRXRlpx_start.mp4,s,24.444
xzW98njL_end.mp4,e,89.630
8LnmG2gx_end.mp4,e,145.926
jLvdp530_end.mp4,e,100.000
0W8eMNRx_start.mp4,s,100.741
0ZOEerjx_start.mp4,s,51.852
xMZkkAAL_start.mp4,s,90.370
L4R841o0_start.mp4,s,88.148
x5JVzWbL_start.mp4,s,105.185
x5JQwGgL_end.mp4,e,107.407
5xBNPZpx_end.mp4,e,94.074
LdAoPqYa_end.mp4,e,157.778
OxbNkO4x_start.mp4,s,94.074
0ZOeWAQx_start.mp4,s,31.852
BLde6PQa_start.mp4,s,88.889
aYq6pkoa_start.mp4,s,39.259
WLKz4dPx_end.mp4,e,120.000
Lvr6DXEL_start.mp4,s,20.000
aYq3155a_start.mp4,s,28.889
x1Wwedka_start.mp4,s,108.889
0wXqW7wx_start.mp4,s,64.444
a6RYXGDa_end.mp4,e,170.370
0wXEZD8x_start.mp4,s,61.481
L4RqnGv0_start.mp4,s,104.444
a6R6wjNa_end.mp4,e,168.148
20Zg9y2x_end.mp4,e,155.556
agQeO9Bx_start.mp4,s,90.370
xzW4GdmL_start.mp4,s,30.370
JxzXwZQa_end.mp4,e,79.259
40Wv8jKa_end.mp4,e,168.889
LvrJe23L_end.mp4,e,169.630
6Lp6Rez0_end.mp4,e,122.222
30mv38Ex_end.mp4,e,107.407
aOo9Owra_start.mp4,s,25.926
aqA7X2Qa_start.mp4,s,54.074
LeppD6Rx_end.mp4,e,110.370
0mJ6pAWx_start.mp4,s,71.111
Oa6171bL_end.mp4,e,80.000
wL8nkQB0_end.mp4,e,168.889
0GvZ1O6a_start.mp4,s,82.222
LKqZYzV0_start.mp4,s,36.296
40W5PbVL_end.mp4,e,104.444
LjJOO8XL_start.mp4,s,59.259
LjNMJyjL_end.mp4,e,121.481
oaqYzP1a_start.mp4,s,88.148
xX4M7K8x_end.mp4,e,157.037
xVMVvM10_start.mp4,s,14.074
0W8ZkPRx_start.mp4,s,27.407
LnPP9mv0_end.mp4,e,131.852
40WkrdV0_start.mp4,s,146.667
40W13g9L_end.mp4,e,99.259
0PvQEXlL_end.mp4,e,168.889
LnOyw4Xa_start.mp4,s,87.407
x1qloMRx_start.mp4,s,96.296
L4G3VZVx_end.mp4,e,168.889
LAD6WOmx_end.mp4,e,109.630
EaO2qv5L_start.mp4,s,57.778
x1qG91Px_end.mp4,e,168.148
ZL4B7EV0_end.mp4,e,111.111
8LnWPOga_end.mp4,e,115.556
a6XgP3Dx_end.mp4,e,35.556
0GrzwqWa_end.mp4,e,121.481
PLeQ1yvL_start.mp4,s,91.852
L7Gpv3RL_end.mp4,e,140.000
L9keErJ0_end.mp4,e,146.667
L7GzRgWL_end.mp4,e,120.741
