0NJvw4n0_start.mp4,s,65.354
6LArQkqa_end.mp4,e,80.490
xMZJwOyL_end.mp4,e,165.352
OL7MmoN0_end.mp4,e,113.789
5xBNPZpx_end.mp4,e,95.387
wL8yOOja_start.mp4,s,21.084
xbmbKpJ0_start.mp4,s,91.782
0wenMY8L_start.mp4,s,26.069
PLeQ1yvL_start.mp4,s,93.673
L9keErJ0_end.mp4,e,146.612
L7GbGpvL_end.mp4,e,115.895
LnOzmMga_start.mp4,s,80.981
xMZkkAAL_start.mp4,s,90.964
0NJqQdJ0_start.mp4,s,25.309
LjJJ1q2L_end.mp4,e,126.325
oaq6MgP0_end.mp4,e,49.578
Oa675W30_start.mp4,s,66.419
vaozOXrL_start.mp4,s,87.416
LKqryOM0_end.mp4,e,171.426
aQqqbK2a_start.mp4,s,61.259
x5JQPQqL_end.mp4,e,165.079
0yrWw4bx_start.mp4,s,72.814
LAD6WOmx_end.mp4,e,106.858
0ZOg3dRx_start.mp4,s,24.784
LepR22Px_end.mp4,e,40.159
LKMl6JM0_end.mp4,e,127.793
40PMM1Ox_end.mp4,e,176.254
0rmGV3Va_start.mp4,s,90.470
agJZyAWL_start.mp4,s,71.518
xX4dgYjx_start.mp4,s,53.221
30mv1kwx_end.mp4,e,156.735
L9GmKOm0_start.mp4,s,25.121
x1qBbkRx_start.mp4,s,82.574
40WbRNda_start.mp4,s,60.070
PLedQOYx_end.mp4,e,109.296
LeppD6Rx_end.mp4,e,128.435
NL3nYzvx_start.mp4,s,64.185
0wXEZD8x_start.mp4,s,61.448
50GeDv6L_start.mp4,s,68.183
bxVRgPwx_end.mp4,e,71.431
LnOpeYAa_end.mp4,e,168.705
L9kENoM0_end.mp4,e,165.700
xBKkJBML_start.mp4,s,82.232
xz6Okwjx_start.mp4,s,58.856
aqAZ981a_end.mp4,e,96.981
maR8m1zx_end.mp4,e,79.602
xzWqqOQL_end.mp4,e,122.341
8LnWPOga_end.mp4,e,117.795
bxV2kD4x_end.mp4,e,115.498
x5JVzWbL_end.mp4,e,173.194
RLJAPoox_start.mp4,s,82.569
x1qgn9kx_start.mp4,s,42.068
xX4rwq7x_end.mp4,e,155.668
L7G82MRL_start.mp4,s,64.561
agQKj2Gx_start.mp4,s,90.484
a6RNDoma_end.mp4,e,74.714
xMGRw95a_start.mp4,s,82.746
0mJo93Ex_start.mp4,s,61.295
vaozdXvL_end.mp4,e,122.056
LKqmey40_start.mp4,s,44.034
LjNv4ZmL_start.mp4,s,143.335
LjNkVXWL_start.mp4,s,44.150
0yr46Gbx_start.mp4,s,88.258
LJeX5Vkx_start.mp4,s,71.846
ZL4PjKBL_end.mp4,e,169.843
vao1253x_end.mp4,e,90.863
aqXm3gRL_start.mp4,s,117.503
wL84YQBL_start.mp4,s,71.547
xVbY3Bwx_end.mp4,e,80.011
LjJZnb2L_start.mp4,s,120.092
oaqwnjzx_end.mp4,e,114.681
OL7lGKza_start.mp4,s,60.657
LjJolAWL_end.mp4,e,138.496
0wXXeevx_end.mp4,e,65.566
40PgY9Oa_end.mp4,e,59.632
naYebJoa_start.mp4,s,89.811
maRXRlpx_start.mp4,s,26.683
aRKJqym0_end.mp4,e,149.716
6LAOg7m0_end.mp4,e,168.593
x1qgn9kx_end.mp4,e,169.663
Lv7Az16a_start.mp4,s,25.752
xbm7GO40_start.mp4,s,103.725
xVbeOovx_end.mp4,e,105.034
LnPP9mv0_end.mp4,e,133.460
alDXZK2a_start.mp4,s,75.068
a6RNvp5a_end.mp4,e,59.944
LjNMJyjL_end.mp4,e,121.979
oaqrjMM0_end.mp4,e,111.230
L9k6EWd0_start.mp4,s,57.377
aqXOGWRL_start.mp4,s,75.126
alDoWQ2a_end.mp4,e,169.171
5xBVQ2Yx_start.mp4,s,90.526
Jx54v650_start.mp4,s,63.641
a2RrnpPa_end.mp4,e,131.384
LKql9Q30_start.mp4,s,75.909
L3GOwBEL_end.mp4,e,108.631
a2RZAnAa_end.mp4,e,169.994
vaoB9WrL_start.mp4,s,73.161
R0N6pyr0_start.mp4,s,126.598
ZL4B7EV0_end.mp4,e,112.699
8Ln7eMXa_start.mp4,s,98.169
OL7gyErL_start.mp4,s,96.271
0NJr9820_end.mp4,e,154.179
xbXqMMJa_start.mp4,s,89.506
x1qloMRx_start.mp4,s,97.018
jLvWG6Ga_start.mp4,s,38.653
LdAA8MZa_end.mp4,e,89.978
LKqvB9P0_start.mp4,s,56.935
L7gGGPvL_end.mp4,e,154.056
aqXANngL_start.mp4,s,59.743
0W8GW29x_end.mp4,e,110.798
JxzADk40_start.mp4,s,96.698
agJ2NPKL_start.mp4,s,83.121
bxVzOr4x_end.mp4,e,169.826
L3G8gK9L_start.mp4,s,90.157
LdAD7Xja_start.mp4,s,14.524
RxXQAmPL_end.mp4,e,120.883
LKqRQrG0_start.mp4,s,90.892
xX4RMEgx_start.mp4,s,48.673
XL9EDAML_end.mp4,e,170.771
Oa6dyWDx_start.mp4,s,22.491
aRKP8j10_start.mp4,s,89.815
40PMbv5x_start.mp4,s,91.959
LvrOZ91L_end.mp4,e,133.477
RxXE7ydL_end.mp4,e,155.632
WxM2EVyL_end.mp4,e,126.144
vaoQE1kx_end.mp4,e,113.563
LpjPOnB0_start.mp4,s,52.733
LjJejdPL_start.mp4,s,112.373
aEDVjpBL_start.mp4,s,86.959
aDY65EM0_start.mp4,s,89.880
L3G8gK9L_end.mp4,e,109.715
0WoJJvm0_end.mp4,e,131.095
aRKngP60_start.mp4,s,24.920
L9kG6Gp0_start.mp4,s,117.442
50GN6qPa_end.mp4,e,106.661
maRXRlpx_end.mp4,e,174.064
xX41vWdx_start.mp4,s,82.993
aYmkWqqa_start.mp4,s,116.667
2aQmNvBa_start.mp4,s,14.822
L4R841o0_start.mp4,s,91.293
R0NgjmJx_end.mp4,e,79.111
PLeEverL_start.mp4,s,89.692
aqArR1Ba_end.mp4,e,54.495
LKqqroO0_start.mp4,s,44.167
aqAmPeza_start.mp4,s,97.280
rx1GW6Ra_end.mp4,e,170.010
agQvqqAx_start.mp4,s,91.185
LJWvMRoa_end.mp4,e,66.861
LepM35Zx_end.mp4,e,83.269
LpPPr51L_start.mp4,s,78.883
NaEqQzZa_start.mp4,s,71.559
ZL4qMnqa_start.mp4,s,108.267
xMZdoq5L_end.mp4,e,78.672
aogKA2ka_end.mp4,e,73.562
xVbrygWx_end.mp4,e,168.998
0PvpPogL_start.mp4,s,46.035
aqA7X2Qa_start.mp4,s,43.915
aYqpeA2a_end.mp4,e,172.570
0klPbYBx_end.mp4,e,167.529
xbmNDDv0_start.mp4,s,89.520
0ZONqonx_start.mp4,s,107.197
aRKRzVg0_end.mp4,e,141.445
aRKGNgA0_start.mp4,s,43.155
Jx5RkG5L_end.mp4,e,116.912
0klZjENx_end.mp4,e,156.748
aDMkRke0_start.mp4,s,89.222
LJWen5Ja_end.mp4,e,147.773
aYq6pkoa_start.mp4,s,43.315
a6XgP3Dx_end.mp4,e,49.483
Jxzy9rg0_start.mp4,s,87.574
aEDVWv7L_start.mp4,s,105.332
agQ8yBox_start.mp4,s,83.125
6LpkJNjx_end.mp4,e,156.504
XL97AKd0_end.mp4,e,117.096
0wev8XdL_end.mp4,e,146.442
RLJnzb6L_end.mp4,e,91.700
alDXAmva_end.mp4,e,122.064
0wXXeevx_start.mp4,s,18.859
LKMJr4V0_end.mp4,e,175.226
Ba2NydOa_start.mp4,s,87.107
Lpjg1yJ0_start.mp4,s,44.749
aYqMkE5a_end.mp4,e,160.651
40Wv8jKa_end.mp4,e,169.403
x1q3X6Dx_start.mp4,s,82.088
L8MKKDKa_start.mp4,s,90.929
LpP3YO1L_start.mp4,s,17.128
vaopgmj0_start.mp4,s,75.275
0yr46Gbx_end.mp4,e,153.898
LADM3orx_end.mp4,e,102.970
agJeYwYL_end.mp4,e,169.951
x1qzn9Nx_end.mp4,e,171.516
EaOz655L_end.mp4,e,169.494
aEDMJWJL_end.mp4,e,35.413
NL3nYzvx_end.mp4,e,112.469
0WoMOym0_start.mp4,s,92.593
R0NzWv70_start.mp4,s,126.726
0GvvJmda_end.mp4,e,169.429
LjJNOkKL_end.mp4,e,177.589
LKqZYzV0_start.mp4,s,38.976
xz6k85nx_start.mp4,s,84.021
agQeO9Bx_start.mp4,s,90.401
a2R2XGda_start.mp4,s,83.645
agQQd1lx_start.mp4,s,18.760
a6R6wjNa_end.mp4,e,169.231
oaqbgOB0_end.mp4,e,163.929
aRKMoW10_start.mp4,s,100.600
bxVRgPwx_start.mp4,s,71.330
LKMkdeG0_end.mp4,e,172.115
aRGQ65N0_end.mp4,e,91.169
L3GEBryL_end.mp4,e,169.790
OL7lGKza_end.mp4,e,118.808
ZLjv4ljL_end.mp4,e,39.463
LpjovKz0_start.mp4,s,70.177
k0wZew5a_start.mp4,s,88.246
0NJGqDD0_start.mp4,s,28.575
LjJOO8XL_start.mp4,s,60.190
aog7EXja_end.mp4,e,105.964
XalO8opL_end.mp4,e,135.101
maRyRD1L_start.mp4,s,50.569
xBKEYb6L_end.mp4,e,128.619
NaEobZ7x_end.mp4,e,115.687
aOo8ldJa_start.mp4,s,60.349
xMZMW1vL_start.mp4,s,33.132
agQ8yBox_end.mp4,e,133.428
xbX3m2ba_start.mp4,s,51.697
20Z2e550_end.mp4,e,156.702
Ba2GqBy0_start.mp4,s,88.335
xbm14np0_start.mp4,s,60.250
agQ6l1ox_end.mp4,e,155.551
LepYbNPx_end.mp4,e,145.981
LnP6QY90_end.mp4,e,123.193
x1W6z82a_end.mp4,e,168.359
LKqjmd30_end.mp4,e,171.444
0GvzMvna_start.mp4,s,127.340
aqA776Qa_end.mp4,e,131.828
LempXp5L_end.mp4,e,122.115
50GkYqn0_start.mp4,s,62.178
xMGrzg7a_end.mp4,e,117.255
xzWR8NQL_end.mp4,e,168.948
ZLjr1YPL_start.mp4,s,73.422
o0ybP67x_end.mp4,e,101.052
Oxb39gXL_end.mp4,e,138.863
LKqPg740_start.mp4,s,102.404
xBK5p4zL_start.mp4,s,80.969
0W8oWXEx_end.mp4,e,122.476
LjJm5ePL_start.mp4,s,78.015
Ba2oNk30_end.mp4,e,155.100
xzW98njL_end.mp4,e,89.693
jLvweQpa_start.mp4,s,39.949
maRm2M6L_end.mp4,e,116.455
LpPpOWyL_start.mp4,s,90.075
rx1JnvRL_start.mp4,s,85.641
0yrWAVKx_start.mp4,s,94.023
aYqepgJa_start.mp4,s,113.558
0rmVX7va_end.mp4,e,169.649
XaleZO20_start.mp4,s,21.224
Jxz41Xna_end.mp4,e,136.350
EaO8Pep0_start.mp4,s,113.230
50GNyBba_start.mp4,s,96.173
0mJVAAwx_end.mp4,e,159.392
LADDomMx_start.mp4,s,122.671
0WoJbe70_end.mp4,e,39.437
vaozOXrL_end.mp4,e,111.726
LADkDXWx_end.mp4,e,149.760
0yrDRE7x_end.mp4,e,157.715
0NJw65R0_start.mp4,s,59.771
WxMgP3ya_end.mp4,e,156.052
0GvkkMda_end.mp4,e,110.698
LnOyw4Xa_start.mp4,s,89.901
ZLjDG5K0_end.mp4,e,91.008
0GvzMvna_end.mp4,e,82.219
WxM2BwAL_start.mp4,s,71.338
50GKlyd0_start.mp4,s,36.216
LvrJe23L_end.mp4,e,170.689
Jxz4Db4a_start.mp4,s,88.206
6Lp1Ynya_start.mp4,s,91.803
aOo9Owra_start.mp4,s,26.516
alDgmPpa_end.mp4,e,166.416
L4GWOkox_end.mp4,e,169.394
PLe1zWRL_end.mp4,e,91.010
alDw7Z1a_start.mp4,s,88.681
k0wqNZ2L_start.mp4,s,94.100
20Zg9y2x_end.mp4,e,155.932
oaq66AR0_end.mp4,e,169.049
aED3GOBL_start.mp4,s,150.570
2aQpGqGL_end.mp4,e,169.458
0ZOEerjx_start.mp4,s,59.354
L9G3P9g0_end.mp4,e,161.050
0wXob42x_end.mp4,e,164.460
aqA6rQRa_end.mp4,e,144.466
oaq8E1NL_end.mp4,e,99.442
LADVl2qx_start.mp4,s,62.469
agQKj2Gx_end.mp4,e,112.049
WLKPDjGa_start.mp4,s,101.233
5xBNzGkx_start.mp4,s,100.679
LKqqlGM0_end.mp4,e,175.545
alvjvbOx_start.mp4,s,114.906
xbmXyDb0_end.mp4,e,96.156
L7Gpv3RL_end.mp4,e,140.793
0GvrWXKa_end.mp4,e,102.682
aEDPm4DL_start.mp4,s,45.035
8LnmG2gx_end.mp4,e,154.417
EaO2qv5L_start.mp4,s,58.792
2aQDOGJL_end.mp4,e,171.441
0NJGbdJ0_end.mp4,e,168.438
XL9wnDp0_end.mp4,e,111.642
L8M31eKa_end.mp4,e,173.278
2ag1RGBx_end.mp4,e,119.517
xbm1OVX0_start.mp4,s,89.274
x1Wwedka_start.mp4,s,107.748
Oa6171bL_end.mp4,e,80.840
LADO9Pjx_end.mp4,e,110.162
L3GD5yOL_start.mp4,s,90.087
wL88nDBL_end.mp4,e,174.511
aogBmzKa_start.mp4,s,88.738
LpP8BkAL_start.mp4,s,32.044
xzW2o96L_start.mp4,s,101.608
8LnybYYx_start.mp4,s,61.444
xzWqqOQL_start.mp4,s,82.969
aDMJrk70_start.mp4,s,70.649
vaozMXbL_start.mp4,s,40.440
XL9pQV3x_end.mp4,e,169.192
6Lp6Rez0_end.mp4,e,121.324
xVblKBwx_start.mp4,s,17.748
0rQPOKVa_end.mp4,e,61.337
L8kjq1Yx_end.mp4,e,142.113
40WmrN7L_start.mp4,s,12.918
aRGqdKm0_start.mp4,s,116.559
BLdm58la_end.mp4,e,109.837
40W5PbVL_end.mp4,e,104.640
xbmo3On0_start.mp4,s,22.300
ZaD4W6Ma_end.mp4,e,106.331
0Wo8JJG0_start.mp4,s,47.412
Lpjg1yJ0_end.mp4,e,169.142
L4GjEjBx_start.mp4,s,119.914
40P6Av5L_start.mp4,s,71.752
xbmYBqX0_start.mp4,s,103.142
aOXK1G10_end.mp4,e,137.022
OxbYBrn0_start.mp4,s,91.778
EaOmnWZx_start.mp4,s,20.118
LdAeBXla_start.mp4,s,106.414
Ba266n3a_end.mp4,e,170.599
o0ywjrDL_end.mp4,e,98.413
aDM5Agn0_start.mp4,s,88.194
NL3Q6YE0_start.mp4,s,83.928
0mJoAK4x_end.mp4,e,174.501
alvjvbOx_end.mp4,e,121.298
wL88nDBL_start.mp4,s,26.623
6LArQkqa_start.mp4,s,111.639
0Gvmzq3a_start.mp4,s,92.394
oaqgoOgx_end.mp4,e,156.510
40Wv8jKa_start.mp4,s,91.874
alDw7Z1a_end.mp4,e,105.859
aRKj3gA0_end.mp4,e,141.841
LpP8BkAL_end.mp4,e,99.434
aQqKm6Da_end.mp4,e,139.885
0mJzNY4x_end.mp4,e,168.521
jLvz6q1L_start.mp4,s,106.398
40PgJ86a_end.mp4,e,109.837
40P6Av5L_end.mp4,e,157.193
JxzJzenx_start.mp4,s,105.585
aqAlwdMa_end.mp4,e,123.191
40PmK4lx_end.mp4,e,94.743
LADpejjx_start.mp4,s,114.189
bxVdWzYa_start.mp4,s,5.188
L4RQpo40_start.mp4,s,107.300
aEDGz24L_start.mp4,s,91.549
agJeYwYL_start.mp4,s,91.660
0GrwGzba_end.mp4,e,168.195
0rm52oVa_start.mp4,s,112.354
PLed2vdx_start.mp4,s,86.590
LvrdZ5EL_end.mp4,e,169.011
2aQmmmka_start.mp4,s,94.399
x1q4DmZx_end.mp4,e,125.684
aDY3nWM0_end.mp4,e,172.534
k0wZWvEa_start.mp4,s,89.212
L8MDNYwa_end.mp4,e,161.276
vaowz4va_end.mp4,e,92.529
LKqpwYM0_end.mp4,e,148.286
jLvpPJX0_end.mp4,e,100.292
RxXwPRd0_start.mp4,s,65.079
x1qG91Px_end.mp4,e,168.021
xVbX12Mx_start.mp4,s,68.389
0NJvw4n0_end.mp4,e,139.610
aqAbe5Qa_end.mp4,e,78.484
xXMgzvjL_end.mp4,e,120.088
x58jmR50_end.mp4,e,126.426
xX486NVx_start.mp4,s,61.966
agQvpVYx_start.mp4,s,88.792
0WovOQG0_end.mp4,e,167.896
aOXnDbv0_start.mp4,s,63.654
LADMdZrx_end.mp4,e,157.002
0klQ8WNx_start.mp4,s,66.933
xMZYMGKL_end.mp4,e,170.224
xbmmNy40_start.mp4,s,43.327
R0N7rnBx_end.mp4,e,151.646
aDYp7p70_start.mp4,s,35.138
LjJjpKqL_end.mp4,e,139.712
LpjlRX70_start.mp4,s,41.241
xz6K27jx_start.mp4,s,90.011
Ba2rj6ma_start.mp4,s,74.328
ZLjr1YPL_end.mp4,e,135.366
Lv7pKdZa_end.mp4,e,169.288
L8kXZ6Wx_start.mp4,s,122.401
xBKpqj6L_start.mp4,s,29.638
jLvdp530_end.mp4,e,98.240
LepGNjQx_end.mp4,e,169.319
LjJA1OqL_start.mp4,s,57.452
30mv38Ex_end.mp4,e,107.834
x5JnDEXL_end.mp4,e,85.324
Ba266n3a_start.mp4,s,88.984
0yr24wQx_end.mp4,e,33.622
xMZjZWvL_end.mp4,e,168.081
WLKz4dPx_end.mp4,e,120.142
LjJykKvL_start.mp4,s,52.289
xMZAzE7L_end.mp4,e,169.466
LKqqroO0_end.mp4,e,168.975
0mJOemkx_start.mp4,s,75.551
ZL4qoN9a_start.mp4,s,44.299
LdAeVnQa_end.mp4,e,132.796
L9GqJjO0_end.mp4,e,159.320
W0k8D3nx_end.mp4,e,116.931
L9kelDv0_start.mp4,s,90.244
0wXZR3Nx_end.mp4,e,107.453
xbmKG2X0_start.mp4,s,22.367
LdAoPqYa_end.mp4,e,158.171
20ZEzQWa_start.mp4,s,41.801
NL3ww9DL_end.mp4,e,174.806
aog6Dl3a_end.mp4,e,43.869
0GvrmBWa_start.mp4,s,23.614
aqApwQza_end.mp4,e,173.149
ZLj9wPjx_end.mp4,e,135.464
a6X1YR3x_end.mp4,e,120.164
alDoEApa_start.mp4,s,91.505
6LAvly3a_end.mp4,e,140.166
L9kk4oW0_end.mp4,e,156.858
x1q4dP2x_end.mp4,e,166.290
L9GY13v0_start.mp4,s,23.818
LJWmVZka_end.mp4,e,163.627
L4GXn9qx_end.mp4,e,137.743
40WkrdV0_start.mp4,s,145.733
L9k8ngp0_end.mp4,e,167.783
2aglJYl0_start.mp4,s,22.230
LJeNYyrx_start.mp4,s,65.250
0NJmkve0_end.mp4,e,166.504
LdAnlDja_start.mp4,s,13.168
LKq9GpD0_end.mp4,e,140.500
a6RYXGDa_end.mp4,e,170.543
Lepykq5x_end.mp4,e,169.612
aRGyZq80_start.mp4,s,89.851
LADPnwrx_start.mp4,s,58.267
aqA8bWPa_end.mp4,e,166.234
NL3QPev0_start.mp4,s,87.806
LjJ2bD2L_end.mp4,e,168.956
0W8eMNRx_start.mp4,s,102.478
aDMlZ7r0_start.mp4,s,74.072
0kleG4nx_end.mp4,e,169.017
WLK2NRMx_end.mp4,e,123.360
WxMMGQYx_end.mp4,e,169.296
LpjA3BA0_end.mp4,e,167.919
LepQDyRx_end.mp4,e,124.663
xVb8Qpjx_start.mp4,s,39.961
rx1nkVDL_end.mp4,e,159.418
aqAbe5Qa_start.mp4,s,56.537
W0kPKbZx_end.mp4,e,170.309
a6RX58Aa_start.mp4,s,50.411
BLdoozjx_end.mp4,e,140.719
0rmz68ma_start.mp4,s,68.783
k0wJBY5a_end.mp4,e,172.141
PLeQ4w5L_start.mp4,s,90.173
NL3QWdO0_start.mp4,s,86.011
aQqqKZqa_start.mp4,s,31.544
LpjpKdj0_start.mp4,s,89.882
RLJ2JnAL_start.mp4,s,91.787
WLKJmP9x_start.mp4,s,50.516
0ZGWEB5x_start.mp4,s,70.634
rx1nVvJL_start.mp4,s,71.463
0rQqX5Va_start.mp4,s,30.887
0ZOMylWx_start.mp4,s,27.040
L9kRpwv0_end.mp4,e,97.835
oaqjWrR0_start.mp4,s,58.886
LpjdB310_end.mp4,e,118.236
LvrJe23L_start.mp4,s,37.583
aqX1AwNL_start.mp4,s,52.316
xVboOnZx_start.mp4,s,85.778
0ZGr4omx_start.mp4,s,84.990
0mJ6pAWx_start.mp4,s,71.557
40W13g9L_end.mp4,e,102.650
Lvr963EL_start.mp4,s,59.946
NaEb4v70_end.mp4,e,110.547
0y8AOB8a_end.mp4,e,159.948
6LA4jbqx_end.mp4,e,124.598
LjJXelqL_end.mp4,e,112.452
30moPlVL_end.mp4,e,115.720
2aQmnK2a_start.mp4,s,52.503
40W5PbVL_start.mp4,s,110.259
0PvQEXlL_end.mp4,e,169.606
xVMR6R10_start.mp4,s,74.281
Lv7rb83a_start.mp4,s,70.744
0GvwAdya_start.mp4,s,126.173
aRK14oA0_start.mp4,s,45.103
5xB8pKMa_end.mp4,e,117.247
BLdz9B70_start.mp4,s,61.788
5xB4A4Oa_start.mp4,s,59.269
RxXmmQ8L_start.mp4,s,108.822
aqAWnKAa_start.mp4,s,57.688
Jx54v650_end.mp4,e,111.739
aEDgJNBL_start.mp4,s,80.602
XL9olmW0_end.mp4,e,91.120
a2R6N4Aa_end.mp4,e,167.920
R0NPNK1L_end.mp4,e,169.248
alDqn5Ja_start.mp4,s,42.825
aQ1lO5qa_start.mp4,s,25.979
LjJJO8XL_start.mp4,s,30.945
oaqEMVMa_end.mp4,e,117.451
x1WWGBJa_end.mp4,e,147.893
LJegewkx_start.mp4,s,18.910
o0ylebDa_end.mp4,e,154.833
L4G3VZVx_end.mp4,e,169.095
0mJGKglx_end.mp4,e,121.207
aYqMXyoa_end.mp4,e,101.620
a2RDOMDa_end.mp4,e,140.482
xVbBDl3x_end.mp4,e,170.350
aRGbApA0_start.mp4,s,97.245
alDnQMka_end.mp4,e,149.122
LjJO82vL_start.mp4,s,81.911
LAD1pKrx_end.mp4,e,112.479
vaoXErr0_start.mp4,s,126.559
xzW4GdmL_end.mp4,e,168.874
xMGvGXAa_end.mp4,e,137.851
x5JJyybL_end.mp4,e,171.415
BLde6PQa_start.mp4,s,87.960
k0wwW1J0_start.mp4,s,91.608
aogEYjba_start.mp4,s,10.162
xbXpMqla_end.mp4,e,133.246
0mJMrNkx_start.mp4,s,9.718
xzWmOw9L_end.mp4,e,157.029
L4R7OW90_start.mp4,s,85.068
R0NDWz7L_end.mp4,e,126.508
XallzMPa_start.mp4,s,58.188
alDnQMka_start.mp4,s,79.060
agQe3Orx_end.mp4,e,125.070
jLvQjzZx_start.mp4,s,61.998
aYq3155a_start.mp4,s,31.057
LpjlZ910_end.mp4,e,154.653
8Ln1R1Gx_end.mp4,e,103.466
6LAN9Eqa_end.mp4,e,107.885
6LA9jpqL_start.mp4,s,149.865
LKqP9PP0_start.mp4,s,90.287
aOXjeXr0_end.mp4,e,79.619
LAD5XzJx_end.mp4,e,167.061
ZaDjWOvx_start.mp4,s,94.740
L3GJ6YOL_end.mp4,e,169.355
0GvZ1O6a_start.mp4,s,82.057
alDr5wQa_start.mp4,s,77.546
0PvvOWlL_start.mp4,s,34.683
L9kn3mJ0_end.mp4,e,160.845
ZaD4W6Ma_start.mp4,s,61.163
L8MKKDKa_end.mp4,e,104.155
agQJzrNx_start.mp4,s,44.085
0Wokbld0_end.mp4,e,141.384
WLKp3O3a_start.mp4,s,28.186
0NJJe2e0_end.mp4,e,171.326
LepknNYx_end.mp4,e,170.627
aqAMYAra_end.mp4,e,82.389
40P9OK9x_end.mp4,e,61.971
x5JQYmgL_end.mp4,e,141.575
EaO2qv5L_end.mp4,e,115.662
xbm14pv0_start.mp4,s,92.469
x5JQwGgL_end.mp4,e,108.851
maRRQ86a_end.mp4,e,115.535
0GrzwqWa_end.mp4,e,122.805
50GwEwb0_end.mp4,e,167.656
alDej5Ja_end.mp4,e,167.608
0WovzD70_start.mp4,s,63.987
rx1ZrkRL_start.mp4,s,87.448
0PvZvADL_end.mp4,e,99.024
NaEeVQDa_start.mp4,s,89.035
0ZOeWAQx_start.mp4,s,33.988
LnO9QeVa_end.mp4,e,104.946
aogz4XXa_start.mp4,s,61.106
wL8nkQB0_end.mp4,e,169.880
xVMVvM10_start.mp4,s,18.392
xbmzKWX0_end.mp4,e,138.230
x1qXpb2x_end.mp4,e,109.705
0wXpEEJx_end.mp4,e,105.035
WLK2Qq3x_start.mp4,s,44.749
LKqZlPD0_end.mp4,e,97.577
ZL426D50_end.mp4,e,154.625
30mVVMBx_start.mp4,s,118.075
aRGXGp60_start.mp4,s,121.167
L34o13ea_start.mp4,s,24.895
LADOORgx_end.mp4,e,148.233
LKqqlGM0_start.mp4,s,30.506
5xB4A4Oa_end.mp4,e,103.316
LnPzM3b0_start.mp4,s,93.989
L4RqnGv0_start.mp4,s,105.576
40WO3Z70_end.mp4,e,39.400
OxbMePl0_start.mp4,s,40.711
40P3wkga_end.mp4,e,159.151
LjNMJyjL_start.mp4,s,51.818
aogrYRZa_end.mp4,e,90.640
a6XgP3Dx_start.mp4,s,74.588
0Gvv66Pa_end.mp4,e,170.714
LKqgdwQ0_start.mp4,s,104.769
LdAdkKYa_start.mp4,s,17.688
aEDKXr7L_end.mp4,e,171.122
40PAQV6x_end.mp4,e,169.737
40PrmWkL_start.mp4,s,90.711
Lvr6DXEL_start.mp4,s,22.976
ZLje9Rvx_end.mp4,e,110.149
aQ1MBvra_start.mp4,s,73.879
JxzXwZQa_end.mp4,e,153.024
oaqjbJz0_start.mp4,s,97.348
5xBbOBYx_end.mp4,e,145.919
2agv1ElL_end.mp4,e,110.808
0klAAPNx_start.mp4,s,19.841
L3G6M9DL_start.mp4,s,83.333
40W2Epma_end.mp4,e,127.715
aQqMZOGa_start.mp4,s,82.767
8LnklVXa_end.mp4,e,168.716
aOojRXNa_end.mp4,e,145.817
aDYGZ2v0_end.mp4,e,109.316
LKqeyrV0_start.mp4,s,64.260
ZL4KDzQx_start.mp4,s,82.244
xBKBrDzL_end.mp4,e,104.921
x5JVzWbL_start.mp4,s,107.853
aYqq8ZJa_start.mp4,s,41.437
x1qbDZDx_end.mp4,e,113.832
oaqG5M1x_end.mp4,e,170.375
aDMNrov0_start.mp4,s,109.355
wL81zNKa_end.mp4,e,100.465
alDJOWOa_end.mp4,e,176.138
aYmgAdJa_start.mp4,s,48.343
LjJolAWL_start.mp4,s,92.065
2aQ42WnL_start.mp4,s,86.469
aQqmVKra_start.mp4,s,141.540
0yrY97Dx_start.mp4,s,85.206
OxbNkO4x_start.mp4,s,96.911
aRKGWZ80_start.mp4,s,81.078
x5JPrmzL_end.mp4,e,172.304
XL9wPBO0_start.mp4,s,97.931
0mJVN7lx_end.mp4,e,158.158
aEDeVOBL_start.mp4,s,43.932
PLeVBb5a_end.mp4,e,172.581
alDJeR4a_end.mp4,e,110.496
0W8ZkPRx_start.mp4,s,29.901
L9Ggdqn0_start.mp4,s,47.885
xbmKVpp0_start.mp4,s,43.521
aRKKBn60_start.mp4,s,92.407
LvrgY2GL_start.mp4,s,89.689
aqA6qPAa_end.mp4,e,157.981
oaqYzP1a_start.mp4,s,86.052
aOowVj1a_end.mp4,e,168.124
xX4M7K8x_end.mp4,e,158.959
5xBZj2Gx_start.mp4,s,43.803
a6R7ndDa_start.mp4,s,90.344
L7GzRgWL_end.mp4,e,153.990
LADekdjx_start.mp4,s,43.907
0ZOZgP5x_start.mp4,s,148.169
alvpnv1x_end.mp4,e,171.291
LnOzG2Xa_start.mp4,s,71.186
0GvvQlna_start.mp4,s,107.867
0NJXVzJ0_start.mp4,s,4.116
oaqQQqra_start.mp4,s,90.293
0yr446Bx_end.mp4,e,110.854
ZL4Az3Va_end.mp4,e,109.654
2aQKP8kx_end.mp4,e,154.614
0rm7EOma_start.mp4,s,9.125
40Wknrm0_end.mp4,e,111.829
L9kmnKO0_end.mp4,e,139.716
b0ry42Ba_end.mp4,e,126.690
LpjjX9z0_end.mp4,e,110.390
maR2JpNa_start.mp4,s,52.234
aoggvNXa_end.mp4,e,80.861
xbmePGE0_start.mp4,s,101.004
ZL4qMnqa_end.mp4,e,104.310
0weDq3EL_start.mp4,s,92.312
0wXgqrbx_start.mp4,s,41.304
L9G3Z6J0_end.mp4,e,159.622
0ZOpjlmx_start.mp4,s,60.466
Lepy29ex_end.mp4,e,119.064
aYqO6Dqa_start.mp4,s,61.188
aYqe1vJa_start.mp4,s,13.193
30mVVMBx_end.mp4,e,140.080
0wXqW7wx_start.mp4,s,57.145
40W2lAVa_start.mp4,s,12.070
LKq3bOG0_start.mp4,s,48.242
L4GXWe5x_start.mp4,s,109.227
Jxz41Xna_start.mp4,s,60.390
xzW4GdmL_start.mp4,s,32.480
0NGRZBJx_start.mp4,s,108.285
XL9Pgjmx_end.mp4,e,78.973
0y8Eye8a_end.mp4,e,144.856
xzWRzE6L_end.mp4,e,139.396
aOX4BJr0_end.mp4,e,166.748
30mP1p6a_end.mp4,e,79.565
Oa6ygDNL_start.mp4,s,88.360
0GvEXwKa_end.mp4,e,111.165
